{"cameraMode":{"drawMode":0,"name":"Shaded","section":"Shading Mode"},"sceneLighting":false,"audioPlay":false,"sceneViewState":{"showFog":true,"showMaterialUpdate":false,"showSkybox":true,"showFlares":true,"showImageEffects":true,"showParticleSystems":true},"in2DMode":false,"pivot":{"x":-0.4001130163669586,"y":0.8811631798744202,"z":-0.025390625},"rotation":{"x":-0.5850396752357483,"y":-0.11053008586168289,"z":0.0808958038687706,"w":-0.7993544340133667},"size":13.116992950439454,"orthographic":false}